title_id,programmatic_unit_id,first_name,initial,surname,second_surname,phone,email,password,avatar
2,107,Manrique,,Planell,Ramos,,manrique.planell@upr.edu,123123,assets/images/avatars/no_avatar.png
2,107,Luis Orlando,,Rodríguez,Rosado,,luis.rodriguez13@upr.edu,123123,assets/images/avatars/no_avatar.png
2,114,Suzika,,Pagán,Riestra,,suzika.pagan@upr.edu,123123,assets/images/avatars/no_avatar.png
2,114,Giovannie,,Soto,Torres,,giovannie.soto1@upr.edu,123123,assets/images/avatars/no_avatar.png
2,120,Delvin,L.,Fernández,Robles,,delvin.fernandez@upr.edu,123123,assets/images/avatars/no_avatar.png
2,128,Raúl,A.,Pérez,Rodríguez,,raul.perez1@upr.edu,123123,assets/images/avatars/no_avatar.png
2,114,Enrique,M.,Martínez,Loarte,,enrique.martinez@upr.edu,123123,assets/images/avatars/no_avatar.png
2,142,Camilo,R.,Busquets,Vázquez,,camilo.busquets@upr.edu,123123,assets/images/avatars/no_avatar.png
2,128,Yomar,,Velez,Robles,,yomar.velez@upr.edu,123123,assets/images/avatars/no_avatar.png
2,152,José,J.,Marrero,Olmeda,,jose.marrero14@upr.edu,123123,assets/images/avatars/no_avatar.png
2,159,Carlos Alberto,,Linares,Medina,,carlos.linares@upr.edu,123123,assets/images/avatars/no_avatar.png
2,172,Rafael,E.,Sepúlveda,Rivera,,rafael.sepulveda@upr.edu,123123,assets/images/avatars/no_avatar.png
2,213,Raul,A.,Agosto,Agosto,,raul.agosto@upr.edu,123123,assets/images/avatars/no_avatar.png
2,218,Eliacim,,Caraballo,Díaz,,eliacim.caraballo@upr.edu,123123,assets/images/avatars/no_avatar.png
2,221,Pedro,J.,Lavergne,Vázquez,,pedro.lavergnevazquez@upr.edu,123123,assets/images/avatars/no_avatar.png
2,233,Luis,A.,Viera,González,,luis.viera2@upr.edu,123123,assets/images/avatars/no_avatar.png
2,233,Rudy,,Santos,García,,rudy.santos@upr.edu,123123,assets/images/avatars/no_avatar.png
2,244,Carlos,J.,Gautier,Justiniano,,carlos.gautier@upr.edu,123123,assets/images/avatars/no_avatar.png
2,244,Samuel,D.,Prieto,Pulido,,samuel.prieto@upr.edu,123123,assets/images/avatars/no_avatar.png
2,244,Aida,,Maldonado,Quiñones,,aida.maldonadoquinones@upr.edu,123123,assets/images/avatars/no_avatar.png
2,249,Oscar,G.,Hernández,Román,,oscar.hernandez2@upr.edu,123123,assets/images/avatars/no_avatar.png
2,233,Irving,,Rodríguez,Torres,,irving.rodriguez@upr.edu,123123,assets/images/avatars/no_avatar.png
2,233,Nicolás,,Cartagena,Romero,,nicolas.cartagena@upr.edu,123123,assets/images/avatars/no_avatar.png
2,277,Natalia,,Rivera,Alejandro,,natalia.rivera7@upr.edu,123123,assets/images/avatars/no_avatar.png
2,303,René D.,,Ruiz,Marcial,,rene.ruiz1@upr.edu,123123,assets/images/avatars/no_avatar.png
2,337,Ignacio,,Machado,Acevedo,,ignacio.machado1@upr.edu,123123,assets/images/avatars/no_avatar.png
2,344,Efraín,,Jiménez,Mournier,,efrain.jimenez@upr.edu,123123,assets/images/avatars/no_avatar.png
2,344,Salvador,A.,Baigés,Ramírez,,salvador.baiges@upr.edu,123123,assets/images/avatars/no_avatar.png
2,350,Carlos ,J.,Otero,Mas,,carlos.otero6@upr.edu,123123,assets/images/avatars/no_avatar.png
2,350,Eric ,J.,Pietri,Pietri,,ericjavier.pietri@upr.edu,123123,assets/images/avatars/no_avatar.png
2,350,Joel ,G.,Sud,González,,joel.sud@upr.edu,123123,assets/images/avatars/no_avatar.png
2,351,Edrick,,Marrero,Soto,,edrick.marrero@upr.edu,123123,assets/images/avatars/no_avatar.png
2,362,Ángel ,A.,Rivera,Nazario,,angel.rivera@upr.edu,123123,assets/images/avatars/no_avatar.png
2,367,Jeannette,,Rosado,Martínez,,jeannette.rosado@upr.edu,123123,assets/images/avatars/no_avatar.png
2,367,Angelica ,M.,Alvarado,Narváez,,angelica.alvarado1@upr.edu,123123,assets/images/avatars/no_avatar.png
2,362,Víctor,,Lugo,Ramírez,,victor.lugo4@upr.edu,123123,assets/images/avatars/no_avatar.png
2,362,Alberto ,J.,Maldonado,Rodríguez,,alberto.maldonado@upr.edu,123123,assets/images/avatars/no_avatar.png
2,362,Javier,,Sepúlveda,Alancastro,,javier.sepulveda1@upr.edu,123123,assets/images/avatars/no_avatar.png
2,350,Jorge ,L.,González,González,,jorge.gonzalez18@upr.edu,123123,assets/images/avatars/no_avatar.png
2,401,Alberto,,Rullán,Fernández,,alberto.rullan@upr.edu,123123,assets/images/avatars/no_avatar.png
2,422,Eliezer,,Barrios ,Colón,,eliezer.barrios@upr.edu,123123,assets/images/avatars/no_avatar.png
2,463,Ricardo,,Carrión,Rosario,,ricardo.carrion@upr.edu,123123,assets/images/avatars/no_avatar.png
2,478,Ángel ,L.,Figueroa,Caraballo,,angelluis.figueroa@upr.edu,123123,assets/images/avatars/no_avatar.png
2,478,Isbeth ,L.,Irizarry,Martínez,,isbeth.irizarrymartinez@upr.edu,123123,assets/images/avatars/no_avatar.png
2,401,Manuel,,Cordero,Vargas,,manuel.cordero@upr.edu,123123,assets/images/avatars/no_avatar.png
2,463,Aned ,L.,Mori,Sepúlveda,,aned.mori@upr.edu,123123,assets/images/avatars/no_avatar.png
2,459,Joaquín,,Saavedra ,Vázquez,,joaquin.saavedra@upr.edu,123123,assets/images/avatars/no_avatar.png
2,459,Irene,,Román,Martínez,,irene.roman@upr.edu,123123,assets/images/avatars/no_avatar.png
2,478,Karen,B.,Bengoa,Toro,,karen.bengoa@upr.edu,123123,assets/images/avatars/no_avatar.png
2,510,Carmen,M.,Alicea,Zayas,,carmenm.aliceazayas@upr.edu,123123,assets/images/avatars/no_avatar.png
2,510,Nelsie,,Laboy,Correa,,nelsie.laboy@upr.edu,123123,assets/images/avatars/no_avatar.png
2,511,Gustavo,,Rodríguez,Rivera,,gustavo.rodriguez@upr.edu,123123,assets/images/avatars/no_avatar.png
2,546,Rubén,,Reyes,Pérez,,ruben.reyes1@upr.edu,123123,assets/images/avatars/no_avatar.png
2,554,José,E.,Carro,Anzalotta,,jose.carro1@upr.edu,123123,assets/images/avatars/no_avatar.png
2,554,Edda,L.,Martínez,,,edda.martinez1@upr.edu,123123,assets/images/avatars/no_avatar.png
2,555,David,,Matos,Mercado,,david.matos4@upr.edu,123123,assets/images/avatars/no_avatar.png
2,561,Julio,M.,Santana,Vargas,,julio.santana3@upr.edu,123123,assets/images/avatars/no_avatar.png
2,569,Jacqueline,,Seijo,Maldonado,,jacqueline.seijo@upr.edu,123123,assets/images/avatars/no_avatar.png
2,575,Hilda,,Bonilla,Rodríguez,,hilda.bonillarodriguez@upr.edu,123123,assets/images/avatars/no_avatar.png
2,580,Ada,I.,Acosta,Rodríguez,,ada.acosta@upr.edu,123123,assets/images/avatars/no_avatar.png
2,580,Luis Reinaldo,,Santiago,Santos,,luis.santiago36@upr.edu,123123,assets/images/avatars/no_avatar.png
2,580,Pablo,L.,Jimenez,Cruz,,pablo.jimenez@upr.edu,123123,assets/images/avatars/no_avatar.png
2,580,Laura,,Berrios,Ortiz,,laura.berrios@upr.edu,123123,assets/images/avatars/no_avatar.png
2,580,Luis,G.,Sierra,Rivera,,luis.sierra1@upr.edu,123123,assets/images/avatars/no_avatar.png
2,691,Kelvin,,Carrero,Avilés,,kelvin.carrero@upr.edu,123123,assets/images/avatars/no_avatar.png
10,681,Gloriselle,,Negrón,Ríos,,glorisel.negron@upr.edu,123123,assets/images/avatars/no_avatar.png
10,687,Alexandra,,Gregory,Crespo,,alexandra.gregory@upr.edu,123123,assets/images/avatars/no_avatar.png
10,687,Luis,R.,Mejía,Maymí,,luis.mejia@upr.edu,123123,assets/images/avatars/no_avatar.png
10,687,Héctor,S.,Tavárez,Vargas,,hector.tavarez2@upr.edu,123123,assets/images/avatars/no_avatar.png
10,687,Myrna,,Comas,Pagán,,myrna.comas@upr.edu,123123,assets/images/avatars/no_avatar.png
10,688,Carlos,A.,Nazario,Pagán,,carlos.nazario2@upr.edu,123123,assets/images/avatars/no_avatar.png
10,688,Aixa,,Rivera,Serrano,,aixa.rivera4@upr.edu,123123,assets/images/avatars/no_avatar.png
10,688,Jaime,E.,Curbelo,Rodríguez,,jaimee.curbelo@upr.edu,123123,assets/images/avatars/no_avatar.png
10,688,Guillermo,,Ortiz,Colón ,,guillermo.ortiz@upr.edu,123123,assets/images/avatars/no_avatar.png
10,688,René,F.,Esteves,Amador,,rene.esteves@upr.edu,123123,assets/images/avatars/no_avatar.png
10,688,Abner,A.,Rodríguez,,,abner.rodriguez3@upr.edu,123123,assets/images/avatars/no_avatar.png
10,689,Wanda,,Almodovar,Caraballo,,wanda.almodovar@upr.edu,123123,assets/images/avatars/no_avatar.png
10,689,Manuel,,Díaz,Rivera,,manuel.diazrivera@upr.edu,123123,assets/images/avatars/no_avatar.png
10,689,Sally,,González,Miranda,,sally.gonzalez@upr.edu,123123,assets/images/avatars/no_avatar.png
10,689,José L.,,Zamora,Echevarría,,jose.zamora@upr.edu,123123,assets/images/avatars/no_avatar.png
10,689,Dania,,Rivera,Ocasio,,dania.rivera@upr.edu,123123,assets/images/avatars/no_avatar.png
10,689,Ada N.,,Alvarado,Ortiz,,adan.alvaradoortiz@upr.edu,123123,assets/images/avatars/no_avatar.png
10,689,Ermita,,Hernandez,Heredia,,ermita.hernandez@upr.edu,123123,assets/images/avatars/no_avatar.png
10,689,Martha,,Giraldo,Zapata,,martha.giraldo@upr.edu,123123,assets/images/avatars/no_avatar.png
10,689,Joaquin,,Chong,,,joaquin.chong@upr.edu,123123,assets/images/avatars/no_avatar.png
10,689,Alfredo,,Aponte,Zayas,,alfredo.aponte@upr.edu,123123,assets/images/avatars/no_avatar.png
12,107,Alba Giselle,,Santos,Ortiz,,alba.santos@upr.edu,123123,assets/images/avatars/no_avatar.png
12,114,Norma,I.,Román,Pérez,,norma.roman1@upr.edu,123123,assets/images/avatars/no_avatar.png
12,120,Reinilda,,Rivera,Torres,,reinilda.rivera1@upr.edu,123123,assets/images/avatars/no_avatar.png
12,128,Liliana,,Cruz,Miranda,,liliana.cruz1@upr.edu,123123,assets/images/avatars/no_avatar.png
12,114,Matilde,M.,Iglesias,Curbelo,,matilde.iglesias1@upr.edu,123123,assets/images/avatars/no_avatar.png
12,142,Ana,E.,Gonzalez,Morales,,ana.gonzalez27@upr.edu,123123,assets/images/avatars/no_avatar.png
12,142,Madeline,,Fernandini,Morales,,madeline.fernandini@upr.edu,123123,assets/images/avatars/no_avatar.png
12,152,Melanie,,Tua,González,,melanie.tua1@upr.edu,123123,assets/images/avatars/no_avatar.png
12,159,Zulma,,Pérez,Hernández,,zulma.perez1@upr.edu,123123,assets/images/avatars/no_avatar.png
12,172,Glenda,R.,Linares,Silvestrini,,glenda.linares1@upr.edu,123123,assets/images/avatars/no_avatar.png
12,174,Wandalis,,Santa,Ortiz,,wandalis.santa1@upr.edu,123123,assets/images/avatars/no_avatar.png
12,213,Gladys,,Malavé,,,gladys.malave@upr.edu,123123,assets/images/avatars/no_avatar.png
12,218,Maribel,,López,Allende,,maribel.lopezallende@upr.edu,123123,assets/images/avatars/no_avatar.png
12,221,Sheila,,Vélez,Morales,,sheila.velez5@upr.edu,123123,assets/images/avatars/no_avatar.png
12,244,Rosana,,Rivera,Solis,,rosana.rivera1@upr.edu,123123,assets/images/avatars/no_avatar.png
12,244,Hilda,I.,Puig,Camacho,,hildai.puigcamacho@upr.edu,123123,assets/images/avatars/no_avatar.png
12,249,Jessenia,,Montalvo,Santiago,,jessenia.montalvo@upr.edu,123123,assets/images/avatars/no_avatar.png
12,233,Maira,,Vázquez,Díaz,,maira.vazquezdiaz@upr.edu,123123,assets/images/avatars/no_avatar.png
12,277,Gloribell,,Rivera,,,gloribell.rivera@upr.edu,123123,assets/images/avatars/no_avatar.png
12,303,Ruth,,Acevedo,Hernández,,ruth.acevedo2@upr.edu,123123,assets/images/avatars/no_avatar.png
12,337,Yolanda,,Muñoz,Guevara,,yolanda.munoz@upr.edu,123123,assets/images/avatars/no_avatar.png
12,344,Gloria,,Santana,Ortiz,,gloria.santana1@upr.edu,123123,assets/images/avatars/no_avatar.png
12,350,Josette,,Figarella,Picó,,josette.figarella@upr.edu,123123,assets/images/avatars/no_avatar.png
12,351,Myriam,I.,Meléndez,Morales,,myriam.melendez@upr.edu‹,123123,assets/images/avatars/no_avatar.png
12,362,Wilma del,C.,González,Martínez,,wilmadelc.gonzalezmartinez@upr.edu,123123,assets/images/avatars/no_avatar.png
12,367,Marylin,,Hernández,Prieto,,marilyn.hernandez@upr.edu,123123,assets/images/avatars/no_avatar.png
12,362,Milagros,,Martínez,Pérez,,milagros.martinez8@upr.edu,123123,assets/images/avatars/no_avatar.png
12,350,Verónica,,Santiago,Beauchamp,,veronica.santiago1@upr.edu,123123,assets/images/avatars/no_avatar.png
12,401,Lisandra,B.,Cintrón,Santiago,,lisandrab.cintronsantiago@upr.edu,123123,assets/images/avatars/no_avatar.png
12,422,Lilliam,,Cartagena,Berrios,,lillian.cartagena2@upr.edu,123123,assets/images/avatars/no_avatar.png
12,463,Carmen,J.,Rodríguez,Martínez,,carmenj.rodriguezmartinez@upr.edu,123123,assets/images/avatars/no_avatar.png
12,478,Zoraida,,Figueroa,Laracuente,,zoraida.figueroa1@upr.edu,123123,assets/images/avatars/no_avatar.png
12,401,Nora,I.,Laboy,,,nora.laboy1@upr.edu,123123,assets/images/avatars/no_avatar.png
12,463,Milagros,,Santiago,De Santana,,milagros.santiago1@upr.edu,123123,assets/images/avatars/no_avatar.png
12,459,Rossana,,Figueroa,Torres,,rossana.figueroa@upr.edu,123123,assets/images/avatars/no_avatar.png
12,459,Lourdes,,Colón,Burgos,,lourdes.colon2@upr.edu,123123,assets/images/avatars/no_avatar.png
12,459,Iris,M.,Martínez,de Jesús,,iris.martinez1@upr.edu,123123,assets/images/avatars/no_avatar.png
12,463,Rosa,M.,Torres,Ortiz,,rosa.torres10@upr.edu,123123,assets/images/avatars/no_avatar.png
12,476,Omayra,,Morales,Pérez,,omayra.morales@upr.edu,123123,assets/images/avatars/no_avatar.png
12,510,Leida,,Colón,Rivera,,leidarosa.colon@upr.edu,123123,assets/images/avatars/no_avatar.png
12,511,Patricia,,Rosa,Cardona,,patricia.rosa2@upr.edu,123123,assets/images/avatars/no_avatar.png
12,527,Jullimar,,Lanzó,Cortijo,,jullimar.lanzo@upr.edu,123123,assets/images/avatars/no_avatar.png
12,554,Cynthia,,Malavé,Ortiz,,cynthia.malave@upr.edu,123123,assets/images/avatars/no_avatar.png
12,554,Ana,E.,Negrón,Padilla,,ana.negron@upr.edu,123123,assets/images/avatars/no_avatar.png
12,555,Vivian,I.,Rosado,Alvarado,,vivian.rosado@upr.edu,123123,assets/images/avatars/no_avatar.png
12,561,Frances,,Ventura,Colón,,frances.ventura@upr.edu,123123,assets/images/avatars/no_avatar.png
12,569,Carmen,M.,Angulo,Cabrera,,carmen.angulo@upr.edu,123123,assets/images/avatars/no_avatar.png
12,575,Sonia,N.,Santiago,Rodríguez,,sonia.santiago2@upr.edu,123123,assets/images/avatars/no_avatar.png
12,580,Evalizette,,Barnecet,Arroyo,,evalizette.barnecet@upr.edu,123123,assets/images/avatars/no_avatar.png
12,580,Carmen,I.,Román,Valderrama,,carmen.roman4@upr.edu,123123,assets/images/avatars/no_avatar.png
12,580,Olga,R.,Rodríguez,Ramos,,olga.rodriguez7@upr.edu,123123,assets/images/avatars/no_avatar.png
12,684,Lizette,B.,Ocasio,Rivera,,lizette.ocasio@upr.edu,123123,assets/images/avatars/no_avatar.png
12,684,Janet,,Laboy,Miranda,,janet.laboy@upr.edu,123123,assets/images/avatars/no_avatar.png
12,684,Rosa,E.,Burgos,Alvarado,,rosa.burgos@upr.edu,123123,assets/images/avatars/no_avatar.png
13,681,Lorna,I.,Campos,,,lorna.campos@upr.edu,123123,assets/images/avatars/no_avatar.png
13,681,Carmen,O.,Gómez,Burgos,,carmen.gomez4@upr.edu,123123,assets/images/avatars/no_avatar.png
13,681,Ivis,A.,Figueroa,Sánchez,,ivys.figueroa@upr.edu,123123,assets/images/avatars/no_avatar.png
13,681,Ircha,,Martínez,Rodríguez,,ircha.martinez1@upr.edu,123123,assets/images/avatars/no_avatar.png
14,107,Lisa,M.,Morales,Rivera,,lisa.morales1@upr.edu,123123,assets/images/avatars/no_avatar.png
14,213,Leslie,M.,Mojica,Roque,,lesliemarim@yahoo.com,123123,assets/images/avatars/no_avatar.png
14,459,Janice,,Colón,Burgos,,janice.colon1@upr.edu,123123,assets/images/avatars/no_avatar.png
14,569,Gisela,I.,Panzardi,Santiago,,gisela.panzardi@upr.edu,123123,assets/images/avatars/no_avatar.png
14,580,Elsa Marie,,Arana,Vázquez,,elsa.arana@upr.edu,123123,assets/images/avatars/no_avatar.png
20,681,Alan,E.,Iribarren,Sánchez,,alan.iribarren@upr.edu,123123,assets/images/avatars/no_avatar.png
21,681,Roberto,,Rigau,Llorens,,robertoluis.rigaullorens@upr.edu,123123,assets/images/avatars/no_avatar.png
23,100,José,E.,Ramos,López,,josee.ramoslopez@upr.edu,123123,assets/images/avatars/no_avatar.png
23,300,Ana,I.,Velázquez,Ramos,,ana.velazquez5@upr.edu,123123,assets/images/avatars/no_avatar.png
23,300,Jannis,,Noriega,Muñoz,,jannis.noriega@upr.edu,123123,assets/images/avatars/no_avatar.png
23,400,Jossie,,Figueroa,Torres,,jossie.figueroa@upr.edu,123123,assets/images/avatars/no_avatar.png
23,500,José,L.,Frau,Class,,joselorenzo.frau@upr.edu,123123,assets/images/avatars/no_avatar.png
24,100,Claribel,,Rodríguez,Vélez,,claribel.rodriguezvelez@upr.edu,123123,assets/images/avatars/no_avatar.png
24,200,Xiomara,,Reyes,Orellano,, xiomara.reyes1@upr.edu,123123,assets/images/avatars/no_avatar.png
24,500,Maritere,,Rivera,Galarza,,maritere.rivera3@upr.edu,123123,assets/images/avatars/no_avatar.png
25,681,María del,C.,Rodríguez,Rodríguez,,mariadc.rodriguez@upr.edu,123123,assets/images/avatars/no_avatar.png
26,691,Carmen,,González,Toro,,carmen.gonzalez24@upr.edu,123123,assets/images/avatars/no_avatar.png
27,337,Virginia,,Abreu,Pratts,,virginia.abreupratts@upr.edu,123123,assets/images/avatars/no_avatar.png
27,362,Livia,,Ortiz,Mori,,livia.ortiz1@upr.edu,123123,assets/images/avatars/no_avatar.png
27,476,José,A.,Torres,Castillo,,jose.torres63@upr.edu,123123,assets/images/avatars/no_avatar.png
27,546,Judith,,Conde,Pacheco,,judith.conde@upr.edu,123123,assets/images/avatars/no_avatar.png
30,681,José,M.,Huerta,Jiménez,,jose.huerta@upr.edu,123123,assets/images/avatars/no_avatar.png
34,681,Angélica,,Martínez,Díaz,,angelica.martinez5@upr.edu,123123,assets/images/avatars/no_avatar.png
34,687,Robinson,,Rodríguez,Pérez,,robinson.rodriguez1@upr.edu,123123,assets/images/avatars/no_avatar.png
34,687,Germán,,Ramos,Cartagena,,german.ramos1@upr.edu,123123,assets/images/avatars/no_avatar.png
38,681,Carlos,A.,Vivoni,Remus,,carlosalfredo.vivoni@upr.edu,123123,assets/images/avatars/no_avatar.png
38,681,Juan,B.,Fremaint,Irizarry,,juan.fremaint@upr.edu,123123,assets/images/avatars/no_avatar.png
40,341,Anibal II,,Ruiz,Lugo,,anibalii.ruiz@upr.edu,123123,assets/images/avatars/no_avatar.png
42,695,Eric,,Irizarry,Otaño,,eric.irizarry@upr.edu,123123,assets/images/avatars/no_avatar.png
45,174,Melvin,R.,Carrión,Rivera,,melvin.carrion1@upr.edu,123123,assets/images/avatars/no_avatar.png
46,681,David,,Padilla,,,david.padilla@upr.edu,123123,assets/images/avatars/no_avatar.png
46,687,Alwin,J.,Jiménez,Maldonado,,alwin.jimenez@upr.edu,123123,assets/images/avatars/no_avatar.png
46,688,José,,Latorre,,,jose.latorre1@upr.edu,123123,assets/images/avatars/no_avatar.png
46,689,Roberto,,Vargas,,,roberto.vargas1@upr.edu,123123,assets/images/avatars/no_avatar.png
46,691,Francisco,,Monroig,,,franciscom.monroig@upr.edu,123123,assets/images/avatars/no_avatar.png
46,691,Héctor,,López,,,hector.lopez12@upr.edu,123123,assets/images/avatars/no_avatar.png
